﻿<?xml version="1.0" encoding="UTF-8"?>
<Window size="500,300" caption="0,0,0,35" sizebox="(4,4,6,6)">
  <VBox bkcolor="bk_wnd_lightcolor">
    <HBox width="stretch" height="35" bkcolor="bk_wnd_lightcolor">
	  <Label text="熄屏助手" font="system_14" valign="center" margin="8"/>
      <Control />
      <Button class="btn_wnd_min" name="minbtn" margin="4,6,0,0"/>
      <Box width="21" margin="4,6,0,0">
        <Button class="btn_wnd_max" name="maxbtn"/>
        <Button class="btn_wnd_restore" name="restorebtn" visible="false"/>
      </Box>
      <Button class="btn_wnd_close" name="minimize_window" margin="4,6,8,0"/>
    </HBox>
    <Box>
      <VBox margin="0,0,0,0" valign="center" halign="center" width="auto" height="auto">
		<CheckBox class="checkbox_font14" name="startup" text="跟随windows开机启动" margin="0,5,0,10" />
		<Control height="16" />
		
		<CheckBox class="checkbox_font14" name="disable_mouse_wake_up" text="屏幕关闭后禁止鼠标点亮屏幕" />
		<Label font="system_12" singleline="false" normaltextcolor="gray" text="勾选此项后，屏幕亮起前不要动鼠标，不然可能会无限黑屏。"/>
		<Control height="16" />
		
        <Label name="tooltip" singleline="false" font="system_14" normaltextcolor="gray" text="说明：鼠标左键点击托盘图标关闭屏幕，右键打开菜单。"/>
		<Control height="16" />
		
		<Button class="btn_global_red_80x30" cursortype="hand" textpadding="8,8,8,8" name="create_shortcut" text="创建桌面快捷方式"/>
      </VBox>
    </Box>
  </VBox>
</Window>